Most_Frequent_Category,customer_count,avg_order_value
Clothing,2510,110.6006533864541
Home,2476,110.54306946688203
Sports,2447,108.85002451982034
Electronics,2567,110.0085430463575
