Region,avg_lifetime_value,avg_churn_risk
Asia,5048.313580097096,0.5072653721682842
Europe,4992.770577149565,0.49175893207695354
South America,5014.92759398496,0.5026236644242179
North America,5073.580199674001,0.5048573757131216
